id,title,link,published,summary
https://www.hamshahrionline.ir/news/777606/%D9%85%D9%87%D9%84%D8%AA-%D9%88%D8%A7%D8%B1%DB%8C%D8%B2-%D9%88%D8%AC%D9%87-%D8%AF%D9%88-%D8%B7%D8%B1%D8%AD-%D8%A7%DB%8C%D8%B1%D8%A7%D9%86-%D8%AE%D9%88%D8%AF%D8%B1%D9%88-%D8%AA%D9%85%D8%AF%DB%8C%D8%AF-%D8%B4%D8%AF,مهلت واریز وجه دو طرح ایران‌خودرو تمدید شد,https://www.hamshahrionline.ir/news/777606/%D9%85%D9%87%D9%84%D8%AA-%D9%88%D8%A7%D8%B1%DB%8C%D8%B2-%D9%88%D8%AC%D9%87-%D8%AF%D9%88-%D8%B7%D8%B1%D8%AD-%D8%A7%DB%8C%D8%B1%D8%A7%D9%86-%D8%AE%D9%88%D8%AF%D8%B1%D9%88-%D8%AA%D9%85%D8%AF%DB%8C%D8%AF-%D8%B4%D8%AF,"Wed, 02 Aug 2023 11:20:34 GMT",مهلت واریز دو طرح فروش فوق‌العاده و پیش فروش محصولات ایران‌خودرو ویژه متقاضیان عادی تا دوشنبه هفته آینده (١۶ مرداد) تمدید شد.
https://www.hamshahrionline.ir/news/777607/%D9%86%D8%A7%D8%A7%D9%85%DB%8C%D8%AF%DB%8C-%D8%B9%D8%AC%DB%8C%D8%A8-%D9%88-%D8%AA%D9%84%D8%AE-%D8%AD%D8%B3%D9%86-%DB%8C%D8%B2%D8%AF%D8%A7%D9%86%DB%8C-%D8%B5%D8%AD%D8%A8%D8%AA-%D9%86%D9%85%DB%8C-%DA%A9%D9%86%D9%85-%D9%81%D8%A7%DB%8C%D8%AF%D9%87-%D8%A7%DB%8C-%D9%86%D8%AF%D8%A7%D8%B1%D8%AF,ناامیدی عجیب و تلخ حسن یزدانی | صحبت نمی‌کنم؛ فایده‌ای ندارد!,https://www.hamshahrionline.ir/news/777607/%D9%86%D8%A7%D8%A7%D9%85%DB%8C%D8%AF%DB%8C-%D8%B9%D8%AC%DB%8C%D8%A8-%D9%88-%D8%AA%D9%84%D8%AE-%D8%AD%D8%B3%D9%86-%DB%8C%D8%B2%D8%AF%D8%A7%D9%86%DB%8C-%D8%B5%D8%AD%D8%A8%D8%AA-%D9%86%D9%85%DB%8C-%DA%A9%D9%86%D9%85-%D9%81%D8%A7%DB%8C%D8%AF%D9%87-%D8%A7%DB%8C-%D9%86%D8%AF%D8%A7%D8%B1%D8%AF,"Wed, 02 Aug 2023 11:18:56 GMT",حسن یزدانی ستاره تیم ملی کشتی آزاد ایران گفت: صحبت نمی‌کنم چون گفتنی‌ها را گفته‌اند و فایده‌ای ندارد.
https://www.hamshahrionline.ir/news/777605/%D8%A7%D9%88%D9%84%DB%8C%D9%86-%D8%AA%D8%B5%D8%A7%D9%88%DB%8C%D8%B1-%D8%A2%D8%AA%D8%B4-%D8%B3%D9%88%D8%B2%DB%8C-%D8%AF%D8%B1-%D8%B4%D9%87%D8%B1%DA%A9-%D8%B5%D9%86%D8%B9%D8%AA%DB%8C-%D8%AF%D9%88%D8%B1%D9%88%D8%AF-%D8%AA%D9%84%D8%A7%D8%B4-%D8%A8%D8%B1%D8%A7%DB%8C-%D8%A7%D8%B7%D9%81%D8%A7-%D8%A7%D8%AF%D8%A7%D9%85%D9%87,اولین تصاویر آتش‌سوزی در شهرک صنعتی دورود | تلاش برای اطفا ادامه دارد,https://www.hamshahrionline.ir/news/777605/%D8%A7%D9%88%D9%84%DB%8C%D9%86-%D8%AA%D8%B5%D8%A7%D9%88%DB%8C%D8%B1-%D8%A2%D8%AA%D8%B4-%D8%B3%D9%88%D8%B2%DB%8C-%D8%AF%D8%B1-%D8%B4%D9%87%D8%B1%DA%A9-%D8%B5%D9%86%D8%B9%D8%AA%DB%8C-%D8%AF%D9%88%D8%B1%D9%88%D8%AF-%D8%AA%D9%84%D8%A7%D8%B4-%D8%A8%D8%B1%D8%A7%DB%8C-%D8%A7%D8%B7%D9%81%D8%A7-%D8%A7%D8%AF%D8%A7%D9%85%D9%87,"Wed, 02 Aug 2023 11:11:48 GMT",رئیس آتش‌نشانی دورود گفت: از ساعت ۱۱ صبح امروز یک شرکت تولید مواد بنزینی (نفتا) دچار حریق شد و تلاش برای اطفای آن همچنان ادامه دارد. ۱۶ دستگاه خودروی آتش‌نشانی از شهرهای دورود، بروجرد و ازنا در حال مهار این آتش‌سوزی هستند.
https://www.hamshahrionline.ir/news/777604/%D8%B4%D9%87%D8%A7%D8%AF%D8%AA-%DB%8C%DA%A9-%D9%85%D8%A7%D9%85%D9%88%D8%B1-%D9%81%D8%B1%D8%A7%D8%AC%D8%A7-%D8%AF%D8%B1-%D8%AC%DB%8C%D8%B1%D9%81%D8%AA,شهادت یک مامور فراجا در جیرفت,https://www.hamshahrionline.ir/news/777604/%D8%B4%D9%87%D8%A7%D8%AF%D8%AA-%DB%8C%DA%A9-%D9%85%D8%A7%D9%85%D9%88%D8%B1-%D9%81%D8%B1%D8%A7%D8%AC%D8%A7-%D8%AF%D8%B1-%D8%AC%DB%8C%D8%B1%D9%81%D8%AA,"Wed, 02 Aug 2023 11:10:00 GMT",سرگرد آزادآور که روز گذشته حین انجام مأموریت دچار سانحه رانندگی شده و مجروح شده بود، دقایقی قبل به درجه شهادت رسید.
https://www.hamshahrionline.ir/news/777601/%D8%AF%D8%B3%D8%AA%D9%88%D8%B1-%D9%85%D8%B9%D8%A7%D9%88%D9%86-%D8%A7%D9%85%D9%86%DB%8C%D8%AA%DB%8C-%D9%88%D8%B2%DB%8C%D8%B1-%DA%A9%D8%B4%D9%88%D8%B1-%D8%AF%D8%B1%D8%A8%D8%A7%D8%B1%D9%87-%D8%B6%D8%A7%D8%B1%D8%A8-%D8%B2%D9%86-%D8%A2%D9%85%D8%B1-%D8%A8%D9%87-%D9%85%D8%B9%D8%B1%D9%88%D9%81-%D8%AF%D8%B1-%D8%B4%DB%8C%D8%B1%D8%A7%D8%B2,دستور معاون امنیتی وزیر کشور درباره ضارب زن آمر به معروف در شیراز | پلیس: متهم اقرار کرد و راهی زندان شد,https://www.hamshahrionline.ir/news/777601/%D8%AF%D8%B3%D8%AA%D9%88%D8%B1-%D9%85%D8%B9%D8%A7%D9%88%D9%86-%D8%A7%D9%85%D9%86%DB%8C%D8%AA%DB%8C-%D9%88%D8%B2%DB%8C%D8%B1-%DA%A9%D8%B4%D9%88%D8%B1-%D8%AF%D8%B1%D8%A8%D8%A7%D8%B1%D9%87-%D8%B6%D8%A7%D8%B1%D8%A8-%D8%B2%D9%86-%D8%A2%D9%85%D8%B1-%D8%A8%D9%87-%D9%85%D8%B9%D8%B1%D9%88%D9%81-%D8%AF%D8%B1-%D8%B4%DB%8C%D8%B1%D8%A7%D8%B2,"Wed, 02 Aug 2023 11:08:00 GMT",معاون امنیتی انتظامی وزیر کشور از استاندار فارس خواست با جدیت به موضوع ضرب و شتم بانوی محجبه شیرازی ورود کرده و پیگیر برخورد قاطع با فرد خاطی باشد.
https://www.hamshahrionline.ir/news/777603/%D8%AF%D8%A8%DB%8C%D8%B1-%D9%87%D9%85-%D8%AF%D8%B1%D8%B3-%D9%85%DB%8C-%D8%AE%D9%88%D8%A7%D9%86%D8%AF%D9%85-%D9%87%D9%85-%D8%A8%DB%8C%D8%B2%DB%8C%D9%86%D8%B3-%D9%85%DB%8C-%DA%A9%D8%B1%D8%AF%D9%85-%D9%88-%D9%87%D9%85-%DA%A9%D8%B4%D8%AA%DB%8C-%D9%85%DB%8C-%DA%AF%D8%B1%D9%81%D8%AA%D9%85,دبیر: هم درس می‌خواندم، هم بیزینس می‌کردم و هم کشتی می‌گرفتم که از کتفم بیرون زد | عدالت این نیست به همه ۴۵ هزار تومان بدهیم!,https://www.hamshahrionline.ir/news/777603/%D8%AF%D8%A8%DB%8C%D8%B1-%D9%87%D9%85-%D8%AF%D8%B1%D8%B3-%D9%85%DB%8C-%D8%AE%D9%88%D8%A7%D9%86%D8%AF%D9%85-%D9%87%D9%85-%D8%A8%DB%8C%D8%B2%DB%8C%D9%86%D8%B3-%D9%85%DB%8C-%DA%A9%D8%B1%D8%AF%D9%85-%D9%88-%D9%87%D9%85-%DA%A9%D8%B4%D8%AA%DB%8C-%D9%85%DB%8C-%DA%AF%D8%B1%D9%81%D8%AA%D9%85,"Wed, 02 Aug 2023 11:01:34 GMT",رئیس فدراسیون کشتی تاکید کرد که ورزشکاران ۲ مسابقه سنگین پیش رو دارند.
https://www.hamshahrionline.ir/news/777602/%D9%88%D8%A7%DA%A9%D9%86%D8%B4-%D8%AF%D8%B1%D9%88%DB%8C%D8%B4-%D8%A8%D9%87-%D8%AE%D8%A8%D8%B1-%D8%AA%D9%88%D8%A7%D9%81%D9%82-%D9%BE%D8%B1%D8%B3%D9%BE%D9%88%D9%84%DB%8C%D8%B3-%D8%A8%D8%A7-%D9%85%D9%87%D8%A7%D8%AC%D9%85-%D8%AE%D8%A7%D8%B1%D8%AC%DB%8C-%DA%AF%D9%84-%D9%85%D8%AD%D9%85%D8%AF%DB%8C-%D9%84%DB%8C%D8%B3%D8%AA,واکنش درویش به خبر توافق پرسپولیس با مهاجم خارجی | گل محمدی لیست جدید داد؟,https://www.hamshahrionline.ir/news/777602/%D9%88%D8%A7%DA%A9%D9%86%D8%B4-%D8%AF%D8%B1%D9%88%DB%8C%D8%B4-%D8%A8%D9%87-%D8%AE%D8%A8%D8%B1-%D8%AA%D9%88%D8%A7%D9%81%D9%82-%D9%BE%D8%B1%D8%B3%D9%BE%D9%88%D9%84%DB%8C%D8%B3-%D8%A8%D8%A7-%D9%85%D9%87%D8%A7%D8%AC%D9%85-%D8%AE%D8%A7%D8%B1%D8%AC%DB%8C-%DA%AF%D9%84-%D9%85%D8%AD%D9%85%D8%AF%DB%8C-%D9%84%DB%8C%D8%B3%D8%AA,"Wed, 02 Aug 2023 10:53:43 GMT",مدیرعامل پرسپولیس مدعی شده که یحیی هیچ مهاجمی به این باشگاه معرفی نکرده است.
https://www.hamshahrionline.ir/news/777570/%D8%A7%D9%81%D8%B2%D8%A7%DB%8C%D8%B4-%D8%BA%DB%8C%D8%B1%D8%B1%D8%B3%D9%85%DB%8C-%D9%82%DB%8C%D9%85%D8%AA-%D9%86%D8%A7%D9%86-%D9%85%D8%A7%D8%AC%D8%B1%D8%A7-%DA%86%DB%8C%D8%B3%D8%AA,افزایش غیررسمی قیمت نان | ماجرا چیست؟,https://www.hamshahrionline.ir/news/777570/%D8%A7%D9%81%D8%B2%D8%A7%DB%8C%D8%B4-%D8%BA%DB%8C%D8%B1%D8%B1%D8%B3%D9%85%DB%8C-%D9%82%DB%8C%D9%85%D8%AA-%D9%86%D8%A7%D9%86-%D9%85%D8%A7%D8%AC%D8%B1%D8%A7-%DA%86%DB%8C%D8%B3%D8%AA,"Wed, 02 Aug 2023 10:48:29 GMT",رئیس اتحادیه نانوایان سنگک استان تهران اعلام کرد:‌ نانوایان از سال ۱۴۰۰ به بعد نرخ جدید نگرفته اند و افزایش قیمتی رخ نداده است.
https://www.hamshahrionline.ir/news/777600/%D8%AA%D8%B5%D8%A7%D9%88%DB%8C%D8%B1-%D8%B9%D8%B2%D8%A7%D8%AF%D8%A7%D8%B1%DB%8C-%D8%B4%DB%8C%D8%B9%DB%8C%D8%A7%D9%86-%D8%AA%D8%A7%DB%8C%D9%84%D9%86%D8%AF-%D8%A8%D9%85%D9%86%D8%A7%D8%B3%D8%A8%D8%AA-%D8%A7%DB%8C%D8%A7%D9%85-%D8%B4%D9%87%D8%A7%D8%AF%D8%AA-%D8%A7%D9%85%D8%A7%D9%85-%D8%AD%D8%B3%DB%8C%D9%86,تصاویر عزاداری شیعیان تایلند بمناسبت ایام شهادت امام حسین,https://www.hamshahrionline.ir/news/777600/%D8%AA%D8%B5%D8%A7%D9%88%DB%8C%D8%B1-%D8%B9%D8%B2%D8%A7%D8%AF%D8%A7%D8%B1%DB%8C-%D8%B4%DB%8C%D8%B9%DB%8C%D8%A7%D9%86-%D8%AA%D8%A7%DB%8C%D9%84%D9%86%D8%AF-%D8%A8%D9%85%D9%86%D8%A7%D8%B3%D8%A8%D8%AA-%D8%A7%DB%8C%D8%A7%D9%85-%D8%B4%D9%87%D8%A7%D8%AF%D8%AA-%D8%A7%D9%85%D8%A7%D9%85-%D8%AD%D8%B3%DB%8C%D9%86,"Wed, 02 Aug 2023 10:39:50 GMT",تصاویری از عزاداری مسجد شیعیان در تایلند که هر ساله برگزار می‌شود. این نخل هم الهام گرفته از نخل ایران است که با فرهنگ خودشان تزیین شده و قدمتش کم نیست.
https://www.hamshahrionline.ir/news/777588/%D9%BE%DB%8C%D8%AC%DB%8C%D9%86%DA%AF-%D8%AA%D8%AD%D8%AA-%D8%B4%D8%A8%DA%A9%D9%87-%DA%86%D9%87-%D8%A7%D9%85%DA%A9%D8%A7%D9%86%D8%A7%D8%AA%DB%8C-%D8%A8%D9%87-%D9%85%D8%A7-%D9%85%DB%8C-%D8%AF%D9%87%D8%AF,پیجینگ تحت شبکه چه امکاناتی به ما می دهد؟,https://www.hamshahrionline.ir/news/777588/%D9%BE%DB%8C%D8%AC%DB%8C%D9%86%DA%AF-%D8%AA%D8%AD%D8%AA-%D8%B4%D8%A8%DA%A9%D9%87-%DA%86%D9%87-%D8%A7%D9%85%DA%A9%D8%A7%D9%86%D8%A7%D8%AA%DB%8C-%D8%A8%D9%87-%D9%85%D8%A7-%D9%85%DB%8C-%D8%AF%D9%87%D8%AF,"Wed, 02 Aug 2023 10:26:26 GMT",تعاریف مختلفی از پیجینگ تحت شبکه وجود دارد. پیجینگ تحت شبکه، سیستمی ارتباطی برای فراخوانی و یا پیج کردن افراد در زمان های هشدار و بحران است.
https://www.hamshahrionline.ir/news/777597/%D8%A2%D9%85%D8%B1%DB%8C%DA%A9%D8%A7-%D8%B7%D8%A7%D9%84%D8%A8%D8%A7%D9%86-%D8%B1%D8%A7-%D8%A8%D9%87-%D8%B1%D8%B3%D9%85%DB%8C%D8%AA-%D9%86%D9%85%DB%8C-%D8%B4%D9%86%D8%A7%D8%B3%DB%8C%D9%85,آمریکا: طالبان را به رسمیت نمی‌شناسیم,https://www.hamshahrionline.ir/news/777597/%D8%A2%D9%85%D8%B1%DB%8C%DA%A9%D8%A7-%D8%B7%D8%A7%D9%84%D8%A8%D8%A7%D9%86-%D8%B1%D8%A7-%D8%A8%D9%87-%D8%B1%D8%B3%D9%85%DB%8C%D8%AA-%D9%86%D9%85%DB%8C-%D8%B4%D9%86%D8%A7%D8%B3%DB%8C%D9%85,"Wed, 02 Aug 2023 10:09:09 GMT",نماینده آمریکا در سازمان ملل پس از برگزاری نشست دوحه اعلام کرد این کشور طالبان را به رسمیت نمی‌شناسد.
https://www.hamshahrionline.ir/news/777563/%D8%A8%D8%B1%D9%86%D8%AC-%D9%87%D8%A7%DB%8C-%D8%AA%D9%88%D9%84%DB%8C%D8%AF%DB%8C-%D8%B3%D8%A7%D9%84-%DA%AF%D8%B0%D8%B4%D8%AA%D9%87-%D8%AE%D8%B1%DB%8C%D8%AF%D8%A7%D8%B1%DB%8C-%D9%85%DB%8C-%D8%B4%D9%88%D9%86%D8%AF,برنج‌های تولیدی سال گذشته خریداری می‌شوند,https://www.hamshahrionline.ir/news/777563/%D8%A8%D8%B1%D9%86%D8%AC-%D9%87%D8%A7%DB%8C-%D8%AA%D9%88%D9%84%DB%8C%D8%AF%DB%8C-%D8%B3%D8%A7%D9%84-%DA%AF%D8%B0%D8%B4%D8%AA%D9%87-%D8%AE%D8%B1%DB%8C%D8%AF%D8%A7%D8%B1%DB%8C-%D9%85%DB%8C-%D8%B4%D9%88%D9%86%D8%AF,"Wed, 02 Aug 2023 10:08:29 GMT",در نشستی با حضور معاون اول رئیس‌جمهور مسایل و مشکلات مرتبط با تولید برنج در استان‌های شمالی مورد بررسی قرار گرفت و مقرر شد ظرف یک ماه آینده تمامی برنج‌های تولیدی سال گذشته از کشاورزان خریداری شود.
https://www.hamshahrionline.ir/news/777572/%D8%AA%D8%B5%D8%A7%D9%88%DB%8C%D8%B1-%D9%88-%D8%AC%D8%B2%D8%A6%DB%8C%D8%A7%D8%AA-%D8%A7%D9%86%D9%81%D8%AC%D8%A7%D8%B1-%D9%87%D9%88%D9%84%D9%86%D8%A7%DA%A9-%D8%AF%DB%8C%D8%B4%D8%A8-%D8%AF%D8%B1-%DA%A9%D8%B1%D9%85%D8%A7%D9%86-%DB%B2%DB%B0-%D8%AE%D8%A7%D9%86%D9%87-%D9%88-%DB%B5-%D8%AE%D9%88%D8%AF%D8%B1%D9%88,تصاویر و جزئیات انفجار هولناک دیشب در کرمان | ۲۰ خانه و ۵ خودرو آسیب دیدند,https://www.hamshahrionline.ir/news/777572/%D8%AA%D8%B5%D8%A7%D9%88%DB%8C%D8%B1-%D9%88-%D8%AC%D8%B2%D8%A6%DB%8C%D8%A7%D8%AA-%D8%A7%D9%86%D9%81%D8%AC%D8%A7%D8%B1-%D9%87%D9%88%D9%84%D9%86%D8%A7%DA%A9-%D8%AF%DB%8C%D8%B4%D8%A8-%D8%AF%D8%B1-%DA%A9%D8%B1%D9%85%D8%A7%D9%86-%DB%B2%DB%B0-%D8%AE%D8%A7%D9%86%D9%87-%D9%88-%DB%B5-%D8%AE%D9%88%D8%AF%D8%B1%D9%88,"Wed, 02 Aug 2023 10:08:02 GMT",مدیرعامل آتش‌نشانی کرمان گفت: حوالی ساعت ۳ بامداد در یک خانه پر از بنزین قاچاق در خیابان گلدشت انفجار شدیدی رخ داد که صدای آن در بیشتر مناطق کرمان شنیده شد. این انفجار به بیش از ۲۰ خانه اطراف و ۵ خودرو آسیب رساند.
https://www.hamshahrionline.ir/news/777581/%D9%85%D8%AA%D9%82%D8%A7%D8%B6%DB%8C%D8%A7%D9%86-%D8%AE%D8%B1%DB%8C%D8%AF-%D8%AE%D9%88%D8%AF%D8%B1%D9%88%D9%87%D8%A7%DB%8C-%DA%86%D8%A7%D9%86%DA%AF%D8%A7%D9%86-%D9%88%D8%A7%D8%B1%D8%AF%D8%A7%D8%AA%DB%8C-%D8%A8%D8%AE%D9%88%D8%A7%D9%86%D9%86%D8%AF-%D9%82%DB%8C%D9%85%D8%AA-%D9%86%D9%87%D8%A7%DB%8C%DB%8C-%D9%88,متقاضیان خرید خودروهای چانگان وارداتی بخوانند | قیمت نهایی و زمان تحویل این خودرو مشخص شد,https://www.hamshahrionline.ir/news/777581/%D9%85%D8%AA%D9%82%D8%A7%D8%B6%DB%8C%D8%A7%D9%86-%D8%AE%D8%B1%DB%8C%D8%AF-%D8%AE%D9%88%D8%AF%D8%B1%D9%88%D9%87%D8%A7%DB%8C-%DA%86%D8%A7%D9%86%DA%AF%D8%A7%D9%86-%D9%88%D8%A7%D8%B1%D8%AF%D8%A7%D8%AA%DB%8C-%D8%A8%D8%AE%D9%88%D8%A7%D9%86%D9%86%D8%AF-%D9%82%DB%8C%D9%85%D8%AA-%D9%86%D9%87%D8%A7%DB%8C%DB%8C-%D9%88,"Wed, 02 Aug 2023 10:06:18 GMT",فاکتور تحویل چانگان‌های وارداتی برای تحویل به مشتری صادر شد؛ بر این اساس قیمت نهایی این خودرو نیز مشخص شده است.
https://www.hamshahrionline.ir/news/777591/%D8%AA%D8%B5%D8%A7%D9%88%DB%8C%D8%B1-%D9%84%D8%AD%D8%B8%D9%87-%D8%AA%D8%B5%D8%A7%D8%AF%D9%81-%D8%B2%D9%86%D8%AC%DB%8C%D8%B1%D9%87-%D8%A7%DB%8C-%D8%A8%D9%87-%D8%AE%D8%A7%D8%B7%D8%B1-%D8%AF%D9%88%D8%B1-%D8%B2%D8%AF%D9%86-%D8%AA%D8%B1%DB%8C%D9%84%DB%8C-%D8%A8%D8%B2%D8%B1%DA%AF-%D9%88%D8%B3%D8%B7-%D8%A8%D8%B2%D8%B1%DA%AF%D8%B1%D8%A7%D9%87,تصاویر لحظه تصادف زنجیره ای به خاطر دور زدن تریلی بزرگ وسط بزرگراه شلوغ!,https://www.hamshahrionline.ir/news/777591/%D8%AA%D8%B5%D8%A7%D9%88%DB%8C%D8%B1-%D9%84%D8%AD%D8%B8%D9%87-%D8%AA%D8%B5%D8%A7%D8%AF%D9%81-%D8%B2%D9%86%D8%AC%DB%8C%D8%B1%D9%87-%D8%A7%DB%8C-%D8%A8%D9%87-%D8%AE%D8%A7%D8%B7%D8%B1-%D8%AF%D9%88%D8%B1-%D8%B2%D8%AF%D9%86-%D8%AA%D8%B1%DB%8C%D9%84%DB%8C-%D8%A8%D8%B2%D8%B1%DA%AF-%D9%88%D8%B3%D8%B7-%D8%A8%D8%B2%D8%B1%DA%AF%D8%B1%D8%A7%D9%87,"Wed, 02 Aug 2023 10:05:47 GMT",در این ویدئو تصاویری از سهل انگاری یک راننده تریلی را می بینید که قصد دور زدن وسط بزرگراه شلوغ  دارد و باعث و بانی این تصادف زنجیره ای شد.
https://www.hamshahrionline.ir/news/777569/%D8%A8%D8%B1%D9%82%D8%B1%D8%A7%D8%B1%DB%8C-%D9%BE%D8%B1%D9%88%D8%A7%D8%B2-%D8%A7%D9%87%D9%88%D8%A7%D8%B2-%D9%85%D8%B3%D9%82%D8%B7-%D9%88-%D8%A8%D8%A7%D9%84%D8%B9%DA%A9%D8%B3-%D8%AF%D8%B1-%D9%81%D8%B1%D9%88%D8%AF%DA%AF%D8%A7%D9%87-%D8%A7%D9%87%D9%88%D8%A7%D8%B2-%D8%A7%D8%B9%D9%84%D8%A7%D9%85,برقراری پرواز اهواز - مسقط و بالعکس در فرودگاه اهواز | اعلام زمان پروازها,https://www.hamshahrionline.ir/news/777569/%D8%A8%D8%B1%D9%82%D8%B1%D8%A7%D8%B1%DB%8C-%D9%BE%D8%B1%D9%88%D8%A7%D8%B2-%D8%A7%D9%87%D9%88%D8%A7%D8%B2-%D9%85%D8%B3%D9%82%D8%B7-%D9%88-%D8%A8%D8%A7%D9%84%D8%B9%DA%A9%D8%B3-%D8%AF%D8%B1-%D9%81%D8%B1%D9%88%D8%AF%DA%AF%D8%A7%D9%87-%D8%A7%D9%87%D9%88%D8%A7%D8%B2-%D8%A7%D8%B9%D9%84%D8%A7%D9%85,"Wed, 02 Aug 2023 10:04:27 GMT",مدیرکل فرودگاه‌های خوزستان از برقراری پرواز اهواز - مسقط و بالعکس در فرودگاه بین المللی شهید سلیمانی اهواز خبر داد.
https://www.hamshahrionline.ir/news/777586/%D8%A2%D8%BA%D8%A7%D8%B2-%D9%85%D8%B1%D8%AD%D9%84%D9%87-%D8%AC%D8%AF%DB%8C%D8%AF-%D8%B7%D8%B1%D8%AD-%DA%A9%D8%A7%D9%84%D8%A7%D8%A8%D8%B1%DA%AF-%D8%A7%D9%84%DA%A9%D8%AA%D8%B1%D9%88%D9%86%DB%8C%DA%A9%DB%8C-%DB%8C%D8%A7%D8%B1%D8%A7%D9%86%D9%87-%D8%A7%DB%8C%D9%86-%DB%B3-%D8%AF%D9%87%DA%A9-%D8%A8%D9%87,آغاز مرحله جدید طرح کالابرگ الکترونیکی | یارانه این ۳ دهک به این شرط افزایش می یابد,https://www.hamshahrionline.ir/news/777586/%D8%A2%D8%BA%D8%A7%D8%B2-%D9%85%D8%B1%D8%AD%D9%84%D9%87-%D8%AC%D8%AF%DB%8C%D8%AF-%D8%B7%D8%B1%D8%AD-%DA%A9%D8%A7%D9%84%D8%A7%D8%A8%D8%B1%DA%AF-%D8%A7%D9%84%DA%A9%D8%AA%D8%B1%D9%88%D9%86%DB%8C%DA%A9%DB%8C-%DB%8C%D8%A7%D8%B1%D8%A7%D9%86%D9%87-%D8%A7%DB%8C%D9%86-%DB%B3-%D8%AF%D9%87%DA%A9-%D8%A8%D9%87,"Wed, 02 Aug 2023 10:03:57 GMT",معاون امور رفاه وزیر تعاون، کار و رفاه اجتماعی از آغاز مرحله جدید اجرای طرح کالابرگ الکترونیکی و افزایش کمک دولت خبر داد.
https://www.hamshahrionline.ir/news/777596/%D8%AA%D8%B9%D8%B7%DB%8C%D9%84%D8%A7%D8%AA-%DA%AF%D8%B1%D9%85%D8%A7%DB%8C-%D9%87%D9%88%D8%A7-%D8%A7%D8%AF%D8%A7%D9%85%D9%87-%D8%AE%D9%88%D8%A7%D9%87%D8%AF-%D8%AF%D8%A7%D8%B4%D8%AA-%D9%88%D8%A7%DA%A9%D9%86%D8%B4-%D9%85%D9%87%D9%85-%D9%88%D8%B2%DB%8C%D8%B1-%DA%A9%D8%B4%D9%88%D8%B1,تعطیلات گرمای هوا ادامه‌ خواهد داشت؟ | واکنش مهم وزیر کشور,https://www.hamshahrionline.ir/news/777596/%D8%AA%D8%B9%D8%B7%DB%8C%D9%84%D8%A7%D8%AA-%DA%AF%D8%B1%D9%85%D8%A7%DB%8C-%D9%87%D9%88%D8%A7-%D8%A7%D8%AF%D8%A7%D9%85%D9%87-%D8%AE%D9%88%D8%A7%D9%87%D8%AF-%D8%AF%D8%A7%D8%B4%D8%AA-%D9%88%D8%A7%DA%A9%D9%86%D8%B4-%D9%85%D9%87%D9%85-%D9%88%D8%B2%DB%8C%D8%B1-%DA%A9%D8%B4%D9%88%D8%B1,"Wed, 02 Aug 2023 10:02:53 GMT",واکنش وزیر کشور به ادامه دار بودن تعطیلی‌ها به علت گرما را در ویدئو ببینید.
https://www.hamshahrionline.ir/news/777583/%D8%AE%D8%A8%D8%B1-%D8%AE%D9%88%D8%B4-%D8%AF%D9%88%D9%84%D8%AA-%D8%A8%D8%B1%D8%A7%DB%8C-%D9%85%D8%B1%D8%AF%D9%85-%D8%AF%D8%B1%D8%A8%D8%A7%D8%B1%D9%87-%D8%A7%D9%81%D8%B2%D8%A7%DB%8C%D8%B4-%DB%8C%D8%A7%D8%B1%D8%A7%D9%86%D9%87-%D9%87%D8%A7-%D9%88-%DA%A9%D8%A7%D9%87%D8%B4-%D9%81%D9%82%D8%B1-%D9%85%D8%B7%D9%84%D9%82,خبر خوش دولت برای مردم درباره افزایش یارانه‌ها و کاهش فقر مطلق,https://www.hamshahrionline.ir/news/777583/%D8%AE%D8%A8%D8%B1-%D8%AE%D9%88%D8%B4-%D8%AF%D9%88%D9%84%D8%AA-%D8%A8%D8%B1%D8%A7%DB%8C-%D9%85%D8%B1%D8%AF%D9%85-%D8%AF%D8%B1%D8%A8%D8%A7%D8%B1%D9%87-%D8%A7%D9%81%D8%B2%D8%A7%DB%8C%D8%B4-%DB%8C%D8%A7%D8%B1%D8%A7%D9%86%D9%87-%D9%87%D8%A7-%D9%88-%DA%A9%D8%A7%D9%87%D8%B4-%D9%81%D9%82%D8%B1-%D9%85%D8%B7%D9%84%D9%82,"Wed, 02 Aug 2023 10:01:00 GMT",وزیر کار گفت: بخشی از فقر مطلق با افزایش یارانه که در دستور کار دولت هست و اعلام می‌شود، کاهش می یابد.
https://www.hamshahrionline.ir/news/777592/%D8%B1%D8%A6%DB%8C%D8%B3%DB%8C-%D8%A7%D8%B9%D9%85%D8%A7%D9%84-%D9%85%D8%AD%D8%AF%D9%88%D8%AF%DB%8C%D8%AA-%D8%A8%D8%B1%D8%A7%DB%8C-%D8%B3%DA%A9%D9%88%D9%87%D8%A7%DB%8C-%D9%81%D9%86%D8%A7%D9%88%D8%B1%DB%8C-%D8%B1%D8%A7%D9%87-%D8%AD%D9%84-%D8%B5%D8%AD%DB%8C%D8%AD-%D9%85%D9%88%D8%A7%D8%AC%D9%87%D9%87,رئیسی:‌ اعمال محدودیت برای سکوهای فناوری راه‌ حل صحیح مواجهه با تخلفات نیست,https://www.hamshahrionline.ir/news/777592/%D8%B1%D8%A6%DB%8C%D8%B3%DB%8C-%D8%A7%D8%B9%D9%85%D8%A7%D9%84-%D9%85%D8%AD%D8%AF%D9%88%D8%AF%DB%8C%D8%AA-%D8%A8%D8%B1%D8%A7%DB%8C-%D8%B3%DA%A9%D9%88%D9%87%D8%A7%DB%8C-%D9%81%D9%86%D8%A7%D9%88%D8%B1%DB%8C-%D8%B1%D8%A7%D9%87-%D8%AD%D9%84-%D8%B5%D8%AD%DB%8C%D8%AD-%D9%85%D9%88%D8%A7%D8%AC%D9%87%D9%87,"Wed, 02 Aug 2023 09:58:00 GMT",رئیس‌جمهور گفت:‌ برخورد با تخلف ضروری است، اما اعمال محدودیت برای سکوهای فناوری راه‌حل صحیح مواجهه با تخلفات نیست. مشکلات ایجاد شده در ارتباط با این سکوها می‌بایست از طریق مراجع ذی‌ربط با همراهی معاونت علمی ریاست جمهوری و وزارت ارتباطات پیگیری شود.
https://www.hamshahrionline.ir/news/777585/%D9%87%D8%B4%D8%AF%D8%A7%D8%B1-%D8%AC%D8%AF%DB%8C-%D9%88%D8%B2%DB%8C%D8%B1-%DA%A9%D8%B4%D9%88%D8%B1-%D8%A8%D9%87-%D9%85%D8%B1%D9%88%D8%AC%DB%8C%D9%86-%D8%A8%D8%B1%D9%87%D9%86%DA%AF%DB%8C-%D8%A8%D8%B1%D8%AE%D9%88%D8%B1%D8%AF-%D9%85%DB%8C-%DA%A9%D9%86%DB%8C%D9%85-%D8%A7%D8%B2-%D8%A8%D8%B1%D9%86%D8%A7%D9%85%D9%87-%D8%B1%DB%8C%D8%B2%DB%8C,هشدار جدی وزیر کشور به مروجین برهنگی ؛ برخورد می‌کنیم | از برنامه‌ریزی تروریست‌ها برای محرم جلوگیری شد,https://www.hamshahrionline.ir/news/777585/%D9%87%D8%B4%D8%AF%D8%A7%D8%B1-%D8%AC%D8%AF%DB%8C-%D9%88%D8%B2%DB%8C%D8%B1-%DA%A9%D8%B4%D9%88%D8%B1-%D8%A8%D9%87-%D9%85%D8%B1%D9%88%D8%AC%DB%8C%D9%86-%D8%A8%D8%B1%D9%87%D9%86%DA%AF%DB%8C-%D8%A8%D8%B1%D8%AE%D9%88%D8%B1%D8%AF-%D9%85%DB%8C-%DA%A9%D9%86%DB%8C%D9%85-%D8%A7%D8%B2-%D8%A8%D8%B1%D9%86%D8%A7%D9%85%D9%87-%D8%B1%DB%8C%D8%B2%DB%8C,"Wed, 02 Aug 2023 09:56:00 GMT",وزیر کشور گفت: با عاملین ترویج برهنگی برخورد می‌شود. همه باید این هنجارها را رعایت کنند و کسی برای تئوریزه کردن برهنگی و تقویت کسانی که ترویج برهنگی می‌کنند، تلاش نکند.
https://www.hamshahrionline.ir/photo/777595/%D8%AA%D8%B5%D8%A7%D9%88%DB%8C%D8%B1-%D8%AD%D8%A7%D8%B4%DB%8C%D9%87-%D8%AC%D9%84%D8%B3%D9%87-%D9%87%DB%8C%D8%A7%D8%AA-%D8%AF%D9%88%D9%84%D8%AA,تصاویر حاشیه جلسه هیات دولت,https://www.hamshahrionline.ir/photo/777595/%D8%AA%D8%B5%D8%A7%D9%88%DB%8C%D8%B1-%D8%AD%D8%A7%D8%B4%DB%8C%D9%87-%D8%AC%D9%84%D8%B3%D9%87-%D9%87%DB%8C%D8%A7%D8%AA-%D8%AF%D9%88%D9%84%D8%AA,"Wed, 02 Aug 2023 09:53:25 GMT",اعضای هیات دولت پس از جلسه امروز هیات دولت در جمع خبرنگاران حضور یافتند.
https://www.hamshahrionline.ir/news/777593/%D8%A7%D9%81%D8%B2%D8%A7%DB%8C%D8%B4-%D9%82%DB%8C%D9%85%D8%AA-%D9%86%D8%A7%D9%86-%D8%B5%D8%AD%D8%AA-%D9%86%D8%AF%D8%A7%D8%B1%D8%AF,افزایش قیمت نان صحت ندارد,https://www.hamshahrionline.ir/news/777593/%D8%A7%D9%81%D8%B2%D8%A7%DB%8C%D8%B4-%D9%82%DB%8C%D9%85%D8%AA-%D9%86%D8%A7%D9%86-%D8%B5%D8%AD%D8%AA-%D9%86%D8%AF%D8%A7%D8%B1%D8%AF,"Wed, 02 Aug 2023 09:44:29 GMT",وزیر کشور درباره برخی شایعات پیرامون افزایش قیمت نان در برخی استان‌ها گفت: در دولت چیزی با عنوان افزایش قیمت نان نداشتیم.
https://www.hamshahrionline.ir/news/777468/%D9%86%D9%85%D8%A7%DB%8C%D8%B4-%D9%82%D8%AF%D8%B1%D8%AA-%D9%88-%DA%A9%DB%8C%D9%81%DB%8C%D8%AA-%D8%B1%D9%88%D9%86%DB%8C%DA%A9%D8%B3-%D8%AF%D8%B1-%D9%86%D9%85%D8%A7%DB%8C%D8%B4%DA%AF%D8%A7%D9%87-%D8%B5%D9%86%D8%B9%D8%AA-%D8%B3%D8%A7%D8%AE%D8%AA%D9%85%D8%A7%D9%86-1402-%D9%86%D9%85%D8%A7%DB%8C%D8%B4%DA%AF%D8%A7%D9%87,نمایش قدرت و کیفیت رونیکس در نمایشگاه صنعت ساختمان 1402| نمایشگاه بین‌المللی صنعت ساختمان تهران فردا آغاز می‌شود,https://www.hamshahrionline.ir/news/777468/%D9%86%D9%85%D8%A7%DB%8C%D8%B4-%D9%82%D8%AF%D8%B1%D8%AA-%D9%88-%DA%A9%DB%8C%D9%81%DB%8C%D8%AA-%D8%B1%D9%88%D9%86%DB%8C%DA%A9%D8%B3-%D8%AF%D8%B1-%D9%86%D9%85%D8%A7%DB%8C%D8%B4%DA%AF%D8%A7%D9%87-%D8%B5%D9%86%D8%B9%D8%AA-%D8%B3%D8%A7%D8%AE%D8%AA%D9%85%D8%A7%D9%86-1402-%D9%86%D9%85%D8%A7%DB%8C%D8%B4%DA%AF%D8%A7%D9%87,"Wed, 02 Aug 2023 09:41:47 GMT",بیست‌وسومین دوره نمایشگاه بین‌المللی صنعت ساختمان تهران از فردا ۱۲ مرداد ۱۴۰۲ در محل دائمی نمایشگاه‌های بین‌المللی تهران برگزار می‌شود.
https://www.hamshahrionline.ir/news/777590/%D8%AC%D9%86%D8%AA%DB%8C-%D9%85%D9%88%D8%A7%D9%81%D9%82%D8%AA-%D9%82%D9%88%D8%A7%D9%86%DB%8C%D9%86-%D8%A8%D8%A7-%D8%A7%D8%B3%D9%84%D8%A7%D9%85-%D8%AE%D9%88%D8%A7%D8%B3%D8%AA-%D8%AA%D8%A7%D8%B1%DB%8C%D8%AE%DB%8C-%D9%85%D8%B1%D8%AF%D9%85-%D8%A7%D8%B3%D8%AA,جنتی: موافقت قوانین با اسلام خواست تاریخی مردم است,https://www.hamshahrionline.ir/news/777590/%D8%AC%D9%86%D8%AA%DB%8C-%D9%85%D9%88%D8%A7%D9%81%D9%82%D8%AA-%D9%82%D9%88%D8%A7%D9%86%DB%8C%D9%86-%D8%A8%D8%A7-%D8%A7%D8%B3%D9%84%D8%A7%D9%85-%D8%AE%D9%88%D8%A7%D8%B3%D8%AA-%D8%AA%D8%A7%D8%B1%DB%8C%D8%AE%DB%8C-%D9%85%D8%B1%D8%AF%D9%85-%D8%A7%D8%B3%D8%AA,"Wed, 02 Aug 2023 09:35:33 GMT",دبیر شورای نگهبان گفت: موافقت قوانین با اسلام خواست تاریخی مردم ایران است.
https://www.hamshahrionline.ir/news/777587/%D8%AE%D8%A8%D8%B1%D8%AE%D9%88%D8%B4-%D9%88%D8%B2%DB%8C%D8%B1-%D8%A7%D9%82%D8%AA%D8%B5%D8%A7%D8%AF-%D8%A7%D8%B2-%D9%85%D8%B0%D8%A7%DA%A9%D8%B1%D8%A7%D8%AA-%D8%AE%D9%88%D8%A8-%D8%A8%D8%B1%D8%A7%DB%8C-%D8%A2%D8%B2%D8%A7%D8%AF%D8%B3%D8%A7%D8%B2%DB%8C-%D9%BE%D9%88%D9%84-%D9%87%D8%A7%DB%8C-%D8%A8%D9%84%D9%88%DA%A9%D9%87,خبرخوش وزیر اقتصاد از مذاکرات خوب برای آزادسازی پول‌های بلوکه شده ایران در کره جنوبی,https://www.hamshahrionline.ir/news/777587/%D8%AE%D8%A8%D8%B1%D8%AE%D9%88%D8%B4-%D9%88%D8%B2%DB%8C%D8%B1-%D8%A7%D9%82%D8%AA%D8%B5%D8%A7%D8%AF-%D8%A7%D8%B2-%D9%85%D8%B0%D8%A7%DA%A9%D8%B1%D8%A7%D8%AA-%D8%AE%D9%88%D8%A8-%D8%A8%D8%B1%D8%A7%DB%8C-%D8%A2%D8%B2%D8%A7%D8%AF%D8%B3%D8%A7%D8%B2%DB%8C-%D9%BE%D9%88%D9%84-%D9%87%D8%A7%DB%8C-%D8%A8%D9%84%D9%88%DA%A9%D9%87,"Wed, 02 Aug 2023 09:27:22 GMT",وزیر امور اقتصادی و دارایی گفت: مذاکرات بسیار خوب و سازنده ای برای آزادسازی پول های بلوکه شده ایران در کره جنوبی انجام شده است.
https://www.hamshahrionline.ir/news/777571/%D8%A8%D8%A8%DB%8C%D9%86%DB%8C%D8%AF-%D8%AA%D8%A7%DA%A9%D8%B3%DB%8C-%D9%88-%D8%A7%D8%AA%D9%88%D8%A8%D9%88%D8%B3-%D8%A8%D8%B1%D9%82%DB%8C-%D8%AF%D8%B1-%D8%B1%D8%A7%D9%87-%D8%AA%D9%87%D8%B1%D8%A7%D9%86-%D8%AA%D9%88%D8%B6%DB%8C%D8%AD%D8%A7%D8%AA-%D9%85%D9%87%D9%85-%D8%B4%D9%87%D8%B1%D8%AF%D8%A7%D8%B1,ببینید | تاکسی و اتوبوس برقی در راه تهران | توضیحات مهم شهردار,https://www.hamshahrionline.ir/news/777571/%D8%A8%D8%A8%DB%8C%D9%86%DB%8C%D8%AF-%D8%AA%D8%A7%DA%A9%D8%B3%DB%8C-%D9%88-%D8%A7%D8%AA%D9%88%D8%A8%D9%88%D8%B3-%D8%A8%D8%B1%D9%82%DB%8C-%D8%AF%D8%B1-%D8%B1%D8%A7%D9%87-%D8%AA%D9%87%D8%B1%D8%A7%D9%86-%D8%AA%D9%88%D8%B6%DB%8C%D8%AD%D8%A7%D8%AA-%D9%85%D9%87%D9%85-%D8%B4%D9%87%D8%B1%D8%AF%D8%A7%D8%B1,"Wed, 02 Aug 2023 09:24:28 GMT",زاکانی گفت: هرهفته با وزیر صمت در خصوص واردات خودروهای عمومی برقی جلسه داریم. قرار است تعدادی تاکسی و اتوبوس وارد شود. تعداد مورد توافق را از وزیر صمت سوال کنید.
https://www.hamshahrionline.ir/news/777576/%D8%A8%D8%A8%DB%8C%D9%86%DB%8C%D8%AF-%D8%AE%D8%A7%D9%86%D8%AF%D9%88%D8%B2%DB%8C-%D8%A8%D8%A7%D9%86%DA%A9-%D9%85%D8%B4%D8%AA%D8%B1%DA%A9-%D8%A7%DB%8C%D8%B1%D8%A7%D9%86-%D9%88-%D8%B3%D9%88%D8%B1%DB%8C%D9%87-%D8%AA%D8%A3%D8%B3%DB%8C%D8%B3-%D8%B4%D8%AF%D9%87-%D8%A7%D8%B3%D8%AA,ببینید | خاندوزی: بانک مشترک ایران و سوریه تأسیس شده است,https://www.hamshahrionline.ir/news/777576/%D8%A8%D8%A8%DB%8C%D9%86%DB%8C%D8%AF-%D8%AE%D8%A7%D9%86%D8%AF%D9%88%D8%B2%DB%8C-%D8%A8%D8%A7%D9%86%DA%A9-%D9%85%D8%B4%D8%AA%D8%B1%DA%A9-%D8%A7%DB%8C%D8%B1%D8%A7%D9%86-%D9%88-%D8%B3%D9%88%D8%B1%DB%8C%D9%87-%D8%AA%D8%A3%D8%B3%DB%8C%D8%B3-%D8%B4%D8%AF%D9%87-%D8%A7%D8%B3%D8%AA,"Wed, 02 Aug 2023 09:22:41 GMT",سید احسان خاندوزی وزیر اقتصاد گفت: کنسرسیومی از ۳ شرکت بیمه ایرانی با شرکت بیمه سوری با سهم ۶۰ درصد ایران و ۴۰ درصد سوریه راه‌اندازی کرده‌اند.
https://www.hamshahrionline.ir/news/777582/%D8%AE%D8%A8%D8%B1-%D9%85%D9%87%D9%85-%D9%88%D8%B2%DB%8C%D8%B1-%DA%A9%D8%A7%D8%B1-%D8%AF%D8%B1%D8%A8%D8%A7%D8%B1%D9%87-%DB%8C%D8%A7%D8%B1%D8%A7%D9%86%D9%87-%D9%87%D8%A7-%D8%B1%D9%82%D9%85-%DB%8C%D8%A7%D8%B1%D8%A7%D9%86%D9%87-%D9%87%D8%A7-%D8%A8%DB%8C%D8%B4%D8%AA%D8%B1-%D9%85%DB%8C-%D8%B4%D9%88%D8%AF,خبر مهم وزیر کار درباره یارانه‌ها | رقم یارانه‌ها بیشتر می شود؟,https://www.hamshahrionline.ir/news/777582/%D8%AE%D8%A8%D8%B1-%D9%85%D9%87%D9%85-%D9%88%D8%B2%DB%8C%D8%B1-%DA%A9%D8%A7%D8%B1-%D8%AF%D8%B1%D8%A8%D8%A7%D8%B1%D9%87-%DB%8C%D8%A7%D8%B1%D8%A7%D9%86%D9%87-%D9%87%D8%A7-%D8%B1%D9%82%D9%85-%DB%8C%D8%A7%D8%B1%D8%A7%D9%86%D9%87-%D9%87%D8%A7-%D8%A8%DB%8C%D8%B4%D8%AA%D8%B1-%D9%85%DB%8C-%D8%B4%D9%88%D8%AF,"Wed, 02 Aug 2023 09:21:52 GMT",وزیر کار گفت: بخشی از فقر مطلق با افزایش یارانه که در دستور کار دولت هست و اعلام می‌شود، کاهش می یابد.
https://www.hamshahrionline.ir/photo/777577/%D8%AA%D8%B5%D8%A7%D9%88%DB%8C%D8%B1-%D8%A7%DB%8C%D9%86-%D9%85%D8%B1%D8%AF-%D9%88-%D8%B2%D9%86-%D8%A8%DB%8C-%D8%AD%D8%AC%D8%A7%D8%A8-%D8%B9%D8%A7%D9%85%D9%84-%D8%B6%D8%B1%D8%A8-%D9%88-%D8%B4%D8%AA%D9%85-%D8%B2%D9%86-%D9%85%D8%AD%D8%AC%D8%A8%D9%87-%D8%AF%D8%B1-%D8%A8%D8%A7%D8%BA,تصاویر | این مرد و زن بی‌حجاب عامل ضرب و شتم زن محجبه در باغ نارنجستان بودند,https://www.hamshahrionline.ir/photo/777577/%D8%AA%D8%B5%D8%A7%D9%88%DB%8C%D8%B1-%D8%A7%DB%8C%D9%86-%D9%85%D8%B1%D8%AF-%D9%88-%D8%B2%D9%86-%D8%A8%DB%8C-%D8%AD%D8%AC%D8%A7%D8%A8-%D8%B9%D8%A7%D9%85%D9%84-%D8%B6%D8%B1%D8%A8-%D9%88-%D8%B4%D8%AA%D9%85-%D8%B2%D9%86-%D9%85%D8%AD%D8%AC%D8%A8%D9%87-%D8%AF%D8%B1-%D8%A8%D8%A7%D8%BA,"Wed, 02 Aug 2023 09:20:26 GMT","در پی انتشار کلیپی در فضای مجازی مبنی بر ضرب و شتم یکی از آمرین به معروف در مجموعه ""نارنجستان قوام"" شیراز، پیگیری موضوع به صورت ویژه در دستور کار پلیس قرار گرفت."
